us,uk,jpn,type
0.46459729978532627,7.496280263197264e-10,0.21507223939256004,return
0.7576211611819714,0.21122880602863803,0.5948656491094328,innovation
