us,uk,jpn,type
0.2550661283020265,0.22479777959939096,0.26139563974709745,left
0.17751440177501884,0.17781835009450847,0.22298525529369925,right
