offset,sigma_pred,country
2.7037407971512565e-4,0.007254086429916148,us
1.7838221055527549e-4,0.007295720272186474,uk
5.104548556035755e-4,0.008177760881290495,jpn
